href,anchor_text,total_occurence
#content,Skip to content,1
https://www.hansacequity.com/company-overview/,Company Overview,1
http://www.hansacequity.com/board/,Board of Directors,1
http://www.hansacequity.com/management-team/,Management Team,1
https://www.hansacequity.com/techwork/,Tech@Work,1
https://www.hansacequity.com/certification/,Certification,1
https://www.hansacequity.com/information-security-policy/,Information Security Policy,1
https://www.hansacequity.com/the-personal-data-protection/,The Personal Data Protection,1
https://www.hansacequity.com/solutions/,Solutions,1
https://www.hansacequity.com/solutions/cequity-consulting/,Cequity Consulting,1
https://www.hansacequity.com/solutions/cequity-analytics/,Cequity Analytics,1
https://www.hansacequity.com/solutions/cequity-martech/,Cequity Martech,1
https://www.hansacequity.com/solutions/cequity-digital/,Cequity Digital,1
https://www.hansacequity.com/hansa-direct/,Hansa Direct (CRC),1
https://www.hansacequity.com/products-2/,Products,1
https://www.hansacequity.com/connected-marketing-platform/,Connected Marketing Platform,1
https://www.hansacequity.com/cequity-ace-insights/,CequityAce Insights,1
https://www.hansacequity.com/cequity-ace-loyalty/,CequityACE Loyalty,1
https://www.hansacequity.com/industries/,Industries,1
https://www.hansacequity.com/industries/bfsi/,BFSI,1
https://www.hansacequity.com/industries/retail/,Retail,1
https://www.hansacequity.com/industries/automotive/,Automotive,1
https://www.hansacequity.com/industries/b2b/,B2B,1
https://www.hansacequity.com/industries/fmcg/,FMCG,1
https://www.hansacequity.com/industries/consumer-durables/,Consumer Durables,1
https://www.hansacequity.com/industries/travel-hospitality/,Travel & Hospitality,1
https://www.hansacequity.com/industries/healthcare/,Pharma & Healthcare,1
https://www.hansacequity.com/news-knowledge/,News & Knowledge,1
https://www.hansacequity.com/news-knowledge/cequity-in-media-2/,News & Media,1
https://www.hansacequity.com/news-knowledge/whitepapers/,Whitepapers,1
https://www.hansacequity.com/news-knowledge/people-set/,Case Studies,1
https://www.hansacequity.com/news-knowledge/webinars/,Webinars,1
https://www.hansacequity.com/martech-digital-customer-experience-imperative/,DCx – The New Imperative,1
https://www.hansacequity.com/Inside-Indian-Consumer-Mind/,Inside Indian Consumer Mind,1
https://www.hansacequity.com/india-mx-report-2020/,India MX Report 2020,1
https://hansacequity.com/COVID-19-Insights-report/,COVID-19 Insights Report,1
http://www.hansacequity.com/cxtrends-report-2019/,CX Trends Report,1
https://www.hansacequity.com/careers/,Careers,1
https://www.hansacequity.com/contact/,Contact,1
https://www.hansacequity.com/our-offices-2/,Our Offices,1
mailto: careers@cequitysolutions.com,careers@cequitysolutions.com ,1
http://www.hansacequity.com/careers/,Careers at Cequity,1
http://www.hansacequity.com/our-offices/,Our offices,1
http://www.hansacequity.com/our-offices//#mumbai,    Mumbai ,1
http://www.hansacequity.com/our-offices//#delhi,    Delhi  ,1
http://www.hansacequity.com/our-offices//#bangalore,    Bengaluru ,1
http://www.hansacequity.com/our-offices//#chennai,    Chennai ,1
http://www.hansacequity.com/our-offices//#chicago,    Chicago ,1
http://www.hansacequity.com/contact/,contact us,1
http://www.hansacequity.com/contact/,link,1
mailto:marketing@cequitysolutions.com,marketing@cequitysolutions.com,1
http://www.hansacequity.com/privacy-policy-2/,Privacy policy,1
https://www.facebook.com/Hansa-Cequity-174547345976928/, Facebook  ,1
https://twitter.com/cequity, Twitter  ,1
https://www.linkedin.com/company/hansa-cequity/, Linkedin  ,1
https://www.youtube.com/channel/UCBQTEQQJIUnrwGQiNoEnusQ, Youtube  ,1
#content,Skip to content,1
https://www.hansacequity.com/company-overview/,Company Overview,1
http://www.hansacequity.com/board/,Board of Directors,1
http://www.hansacequity.com/management-team/,Management Team,1
https://www.hansacequity.com/techwork/,Tech@Work,1
https://www.hansacequity.com/certification/,Certification,1
https://www.hansacequity.com/information-security-policy/,Information Security Policy,1
https://www.hansacequity.com/the-personal-data-protection/,The Personal Data Protection,1
https://www.hansacequity.com/solutions/,Solutions,1
https://www.hansacequity.com/solutions/cequity-consulting/,Cequity Consulting,1
https://www.hansacequity.com/solutions/cequity-analytics/,Cequity Analytics,1
https://www.hansacequity.com/solutions/cequity-martech/,Cequity Martech,1
https://www.hansacequity.com/solutions/cequity-digital/,Cequity Digital,1
https://www.hansacequity.com/hansa-direct/,Hansa Direct (CRC),1
https://www.hansacequity.com/products-2/,Products,1
https://www.hansacequity.com/connected-marketing-platform/,Connected Marketing Platform,1
https://www.hansacequity.com/cequity-ace-insights/,CequityAce Insights,1
https://www.hansacequity.com/cequity-ace-loyalty/,CequityACE Loyalty,1
https://www.hansacequity.com/industries/,Industries,1
https://www.hansacequity.com/industries/bfsi/,BFSI,1
https://www.hansacequity.com/industries/retail/,Retail,1
https://www.hansacequity.com/industries/automotive/,Automotive,1
https://www.hansacequity.com/industries/b2b/,B2B,1
https://www.hansacequity.com/industries/fmcg/,FMCG,1
https://www.hansacequity.com/industries/consumer-durables/,Consumer Durables,1
https://www.hansacequity.com/industries/travel-hospitality/,Travel & Hospitality,1
https://www.hansacequity.com/industries/healthcare/,Pharma & Healthcare,1
https://www.hansacequity.com/news-knowledge/,News & Knowledge,1
https://www.hansacequity.com/news-knowledge/cequity-in-media-2/,News & Media,1
https://www.hansacequity.com/news-knowledge/whitepapers/,Whitepapers,1
https://www.hansacequity.com/news-knowledge/people-set/,Case Studies,1
https://www.hansacequity.com/news-knowledge/webinars/,Webinars,1
https://www.hansacequity.com/martech-digital-customer-experience-imperative/,DCx – The New Imperative,1
https://www.hansacequity.com/Inside-Indian-Consumer-Mind/,Inside Indian Consumer Mind,1
https://www.hansacequity.com/india-mx-report-2020/,India MX Report 2020,1
https://hansacequity.com/COVID-19-Insights-report/,COVID-19 Insights Report,1
http://www.hansacequity.com/cxtrends-report-2019/,CX Trends Report,1
https://www.hansacequity.com/careers/,Careers,1
https://www.hansacequity.com/contact/,Contact,1
https://www.hansacequity.com/our-offices-2/,Our Offices,1
http://www.hansacequity.com/industries/bfsi/,Read More,1
http://www.hansacequity.com/industries/retail/,Read More,1
http://www.hansacequity.com/industries/automotive/,Read More,1
http://www.hansacequity.com/industries/b2b/,Read More,1
http://www.hansacequity.com/industries/consumer-durables/,Read More,1
http://www.hansacequity.com/industries/consumer-durables/,Read More,1
http://www.hansacequity.com/industries/travel-hospitality/,Read More,1
http://www.hansacequity.com/industries/healthcare/,Read More,1
http://www.hansacequity.com/careers/,Careers at Cequity,1
http://www.hansacequity.com/our-offices/,Our offices,1
http://www.hansacequity.com/our-offices//#mumbai,    Mumbai ,1
http://www.hansacequity.com/our-offices//#delhi,    Delhi  ,1
http://www.hansacequity.com/our-offices//#bangalore,    Bengaluru ,1
http://www.hansacequity.com/our-offices//#chennai,    Chennai ,1
http://www.hansacequity.com/our-offices//#chicago,    Chicago ,1
http://www.hansacequity.com/contact/,contact us,1
http://www.hansacequity.com/contact/,link,1
mailto:marketing@cequitysolutions.com,marketing@cequitysolutions.com,1
http://www.hansacequity.com/privacy-policy-2/,Privacy policy,1
https://www.facebook.com/Hansa-Cequity-174547345976928/, Facebook  ,1
https://twitter.com/cequity, Twitter  ,1
https://www.linkedin.com/company/hansa-cequity/, Linkedin  ,1
https://www.youtube.com/channel/UCBQTEQQJIUnrwGQiNoEnusQ, Youtube  ,1
#content,Skip to content,1
#content,Skip to content,1
https://www.hansacequity.com/company-overview/,Company Overview,1
https://www.hansacequity.com/company-overview/,Company Overview,1
http://www.hansacequity.com/board/,Board of Directors,1
http://www.hansacequity.com/board/,Board of Directors,1
http://www.hansacequity.com/management-team/,Management Team,1
http://www.hansacequity.com/management-team/,Management Team,1
https://www.hansacequity.com/techwork/,Tech@Work,1
https://www.hansacequity.com/techwork/,Tech@Work,1
https://www.hansacequity.com/certification/,Certification,1
https://www.hansacequity.com/certification/,Certification,1
https://www.hansacequity.com/information-security-policy/,Information Security Policy,1
https://www.hansacequity.com/the-personal-data-protection/,The Personal Data Protection,1
https://www.hansacequity.com/information-security-policy/,Information Security Policy,1
https://www.hansacequity.com/solutions/,Solutions,1
https://www.hansacequity.com/the-personal-data-protection/,The Personal Data Protection,1
https://www.hansacequity.com/solutions/cequity-consulting/,Cequity Consulting,1
https://www.hansacequity.com/solutions/cequity-analytics/,Cequity Analytics,1
https://www.hansacequity.com/solutions/,Solutions,1
https://www.hansacequity.com/solutions/cequity-martech/,Cequity Martech,1
https://www.hansacequity.com/solutions/cequity-consulting/,Cequity Consulting,1
https://www.hansacequity.com/solutions/cequity-digital/,Cequity Digital,1
https://www.hansacequity.com/solutions/cequity-analytics/,Cequity Analytics,1
https://www.hansacequity.com/hansa-direct/,Hansa Direct (CRC),1
https://www.hansacequity.com/solutions/cequity-martech/,Cequity Martech,1
https://www.hansacequity.com/products-2/,Products,1
https://www.hansacequity.com/solutions/cequity-digital/,Cequity Digital,1
https://www.hansacequity.com/connected-marketing-platform/,Connected Marketing Platform,1
https://www.hansacequity.com/hansa-direct/,Hansa Direct (CRC),1
https://www.hansacequity.com/cequity-ace-insights/,CequityAce Insights,1
https://www.hansacequity.com/products-2/,Products,1
https://www.hansacequity.com/connected-marketing-platform/,Connected Marketing Platform,1
https://www.hansacequity.com/cequity-ace-loyalty/,CequityACE Loyalty,1
https://www.hansacequity.com/cequity-ace-insights/,CequityAce Insights,1
https://www.hansacequity.com/industries/,Industries,1
https://www.hansacequity.com/cequity-ace-loyalty/,CequityACE Loyalty,1
https://www.hansacequity.com/industries/bfsi/,BFSI,1
https://www.hansacequity.com/industries/,Industries,1
https://www.hansacequity.com/industries/retail/,Retail,1
https://www.hansacequity.com/industries/bfsi/,BFSI,1
https://www.hansacequity.com/industries/automotive/,Automotive,1
https://www.hansacequity.com/industries/retail/,Retail,1
https://www.hansacequity.com/industries/b2b/,B2B,1
https://www.hansacequity.com/industries/automotive/,Automotive,1
https://www.hansacequity.com/industries/fmcg/,FMCG,1
https://www.hansacequity.com/industries/b2b/,B2B,1
https://www.hansacequity.com/industries/consumer-durables/,Consumer Durables,1
https://www.hansacequity.com/industries/fmcg/,FMCG,1
https://www.hansacequity.com/industries/travel-hospitality/,Travel & Hospitality,1
https://www.hansacequity.com/industries/consumer-durables/,Consumer Durables,1
https://www.hansacequity.com/industries/healthcare/,Pharma & Healthcare,1
https://www.hansacequity.com/industries/travel-hospitality/,Travel & Hospitality,1
https://www.hansacequity.com/news-knowledge/,News & Knowledge,1
https://www.hansacequity.com/industries/healthcare/,Pharma & Healthcare,1
https://www.hansacequity.com/news-knowledge/cequity-in-media-2/,News & Media,1
https://www.hansacequity.com/news-knowledge/,News & Knowledge,1
https://www.hansacequity.com/news-knowledge/whitepapers/,Whitepapers,1
https://www.hansacequity.com/news-knowledge/cequity-in-media-2/,News & Media,1
https://www.hansacequity.com/news-knowledge/people-set/,Case Studies,1
https://www.hansacequity.com/news-knowledge/whitepapers/,Whitepapers,1
https://www.hansacequity.com/news-knowledge/webinars/,Webinars,1
https://www.hansacequity.com/news-knowledge/people-set/,Case Studies,1
https://www.hansacequity.com/martech-digital-customer-experience-imperative/,DCx – The New Imperative,1
https://www.hansacequity.com/news-knowledge/webinars/,Webinars,1
https://www.hansacequity.com/martech-digital-customer-experience-imperative/,DCx – The New Imperative,1
https://www.hansacequity.com/Inside-Indian-Consumer-Mind/,Inside Indian Consumer Mind,1
https://www.hansacequity.com/Inside-Indian-Consumer-Mind/,Inside Indian Consumer Mind,1
https://www.hansacequity.com/india-mx-report-2020/,India MX Report 2020,1
https://www.hansacequity.com/india-mx-report-2020/,India MX Report 2020,1
https://hansacequity.com/COVID-19-Insights-report/,COVID-19 Insights Report,1
https://hansacequity.com/COVID-19-Insights-report/,COVID-19 Insights Report,1
http://www.hansacequity.com/cxtrends-report-2019/,CX Trends Report,1
http://www.hansacequity.com/cxtrends-report-2019/,CX Trends Report,1
https://www.hansacequity.com/careers/,Careers,1
https://www.hansacequity.com/careers/,Careers,1
https://www.hansacequity.com/contact/,Contact,1
https://www.hansacequity.com/contact/,Contact,1
https://www.hansacequity.com/our-offices-2/,Our Offices,1
https://www.hansacequity.com/our-offices-2/,Our Offices,1
http://www.hansacequity.com/solutions/cequity-consulting/,  ,1
https://www.hansacequity.com/martech-digital-customer-experience-imperative/,  ,1
http://www.hansacequity.com/solutions/cequity-analytics/,  ,1
http://www.hansacequity.com/age-of-the-customer/,  DISCOVER HOW  ,1
http://www.hansacequity.com/solutions/cequity-technology/,  ,1
http://www.hansacequity.com/solutions/cequity-consulting/,  GET CUSTOMER CENTRIC  ,1
http://www.hansacequity.com/solutions/cequity-martech/,  ,1
http://www.hansacequity.com/solutions/cequity-analytics/,  DRIVE OUTCOMES WITH ANALYTICS  ,1
http://www.hansacequity.com/solutions/cequity-digital/,  ,1
http://www.hansacequity.com/solutions/cequity-technology/,  TECHNOLOGY AS THE GAME CHANGER  ,1
http://www.hansacequity.com/solutions/cequity-connect/,  ,1
http://www.hansacequity.com/solutions/cequity-martech/,  DISCOVER HOW  ,1
http://www.hansacequity.com/careers/,Careers at Cequity,1
http://www.hansacequity.com/solutions/cequity-digital/,Cequity Digital,1
http://www.hansacequity.com/our-offices/,Our offices,1
http://www.hansacequity.com/solutions/cequity-digital/,Adtech and Martech are merging. Lead the transformation.,1
http://www.hansacequity.com/our-offices//#mumbai,    Mumbai ,1
http://www.hansacequity.com/solutions/cequity-digital/,  KNOW MORE  ,1
http://www.hansacequity.com/our-offices//#delhi,    Delhi  ,1
http://www.hansacequity.com/solutions/cequity-connect/,Cequity Connect,1
http://www.hansacequity.com/our-offices//#bangalore,    Bengaluru ,1
http://www.hansacequity.com/solutions/cequity-connect/,Your digital transformation needs a human touch.,1
http://www.hansacequity.com/our-offices//#chennai,    Chennai ,1
http://www.hansacequity.com/solutions/cequity-connect/,  BUILD RELATIONSHIPS  ,1
http://www.hansacequity.com/our-offices//#chicago,    Chicago ,1
http://www.hansacequity.com/careers/,Careers at Cequity,1
http://www.hansacequity.com/contact/,contact us,1
http://www.hansacequity.com/our-offices/,Our offices,1
http://www.hansacequity.com/contact/,link,1
http://www.hansacequity.com/our-offices//#mumbai,    Mumbai ,1
mailto:marketing@cequitysolutions.com,marketing@cequitysolutions.com,1
http://www.hansacequity.com/our-offices//#delhi,    Delhi  ,1
http://www.hansacequity.com/privacy-policy-2/,Privacy policy,1
http://www.hansacequity.com/our-offices//#bangalore,    Bengaluru ,1
https://www.facebook.com/Hansa-Cequity-174547345976928/, Facebook  ,1
http://www.hansacequity.com/our-offices//#chennai,    Chennai ,1
https://twitter.com/cequity, Twitter  ,1
http://www.hansacequity.com/our-offices//#chicago,    Chicago ,1
https://www.linkedin.com/company/hansa-cequity/, Linkedin  ,1
http://www.hansacequity.com/contact/,contact us,1
https://www.youtube.com/channel/UCBQTEQQJIUnrwGQiNoEnusQ, Youtube  ,1
http://www.hansacequity.com/contact/,link,1
mailto:marketing@cequitysolutions.com,marketing@cequitysolutions.com,1
http://www.hansacequity.com/privacy-policy-2/,Privacy policy,1
https://www.facebook.com/Hansa-Cequity-174547345976928/, Facebook  ,1
https://twitter.com/cequity, Twitter  ,1
https://www.linkedin.com/company/hansa-cequity/, Linkedin  ,1
https://www.youtube.com/channel/UCBQTEQQJIUnrwGQiNoEnusQ, Youtube  ,1
